,Armadura,Reducao
0,0,0.0
1,10,9.090909090909092
2,20,16.666666666666664
3,30,23.076923076923077
4,40,28.57142857142857
5,50,33.33333333333333
6,60,37.5
7,70,41.17647058823529
8,80,44.44444444444444
9,90,47.368421052631575
10,100,50.0
11,110,52.38095238095239
12,120,54.54545454545454
13,130,56.52173913043478
14,140,58.333333333333336
15,150,60.0
16,160,61.53846153846154
17,170,62.96296296296296
18,180,64.28571428571429
19,190,65.51724137931035
20,200,66.66666666666666
